customer_id,recency,frequency,monetary,R_score,F_score,M_score,segment
1,1,115,28130835.0,6,5,5,VIP
2,11,47,11451172.0,4,5,4,우수고객
3,3,9,1403700.0,6,2,1,성장고객
4,23,5,770000.0,3,1,1,대체고객
5,111,3,138500.0,2,1,1,대체고객
6,10,7,2035240.0,5,1,2,성장고객
7,5,7,696900.0,5,1,1,대체고객
8,49,10,654900.0,2,2,1,대체고객
9,5,18,16269010.0,5,3,5,우수고객
10,4,17,4075700.0,6,3,3,우수고객
11,93,20,6082500.0,2,3,3,성장고객
12,52,16,1764100.0,2,3,2,대체고객
13,92,5,1049400.0,2,1,1,대체고객
14,9,49,25203202.0,5,5,5,VIP
15,1,17,3148016.0,6,3,2,우수고객
16,37,11,2797100.0,3,2,2,대체고객
17,4,9,1658200.0,6,2,1,성장고객
18,187,1,25600.0,2,1,1,대체고객
19,265,2,182800.0,2,1,1,대체고객
20,1,48,9834582.0,6,5,4,VIP
21,28,29,43609220.0,3,4,5,우수고객
22,20,10,2878300.0,3,2,2,대체고객
23,6,47,10610982.0,5,5,4,VIP
24,21,29,12096540.0,3,4,4,우수고객
25,11,12,2712800.0,4,2,2,성장고객
26,7,25,8138636.0,5,4,4,우수고객
27,1,29,8814773.0,6,4,4,VIP
28,4,26,6377700.0,6,4,4,VIP
29,6,17,7266212.0,5,3,4,우수고객
30,43,17,5188100.0,2,3,3,성장고객
31,295,3,159000.0,2,1,1,대체고객
32,83,6,652781.0,2,1,1,대체고객
33,1,98,17049092.0,6,5,5,VIP
34,13,8,1167500.0,4,1,1,대체고객
35,37,5,533100.0,3,1,1,대체고객
36,9,33,6395300.0,5,4,4,우수고객
37,38,22,7809700.0,3,3,4,성장고객
38,5,18,3912300.0,5,3,3,우수고객
39,81,13,4303364.0,2,2,3,대체고객
40,12,34,11491745.0,4,4,4,우수고객
41,8,62,20803833.0,5,5,5,VIP
42,42,12,8415868.0,3,2,4,성장고객
43,11,23,3290100.0,4,4,2,성장고객
44,17,57,15818453.0,4,5,5,VIP
45,6,13,42632020.0,5,2,5,우수고객
46,2,66,30593794.0,6,5,5,VIP
47,12,41,11060542.0,4,5,4,우수고객
48,36,11,4063908.0,3,2,3,성장고객
49,2,70,16338312.0,6,5,5,VIP
50,2,8,1200800.0,6,1,1,성장고객
51,3,11,2130000.0,6,2,2,성장고객
52,6,28,13987253.0,5,4,5,VIP
53,17,56,31046944.0,4,5,5,VIP
54,4,21,6302000.0,6,3,3,우수고객
55,13,9,2297238.0,4,2,2,성장고객
56,19,13,4167425.0,3,2,3,성장고객
57,13,11,43294920.0,4,2,5,우수고객
58,1,37,14308000.0,6,5,5,VIP
59,105,8,896200.0,2,1,1,대체고객
60,22,12,2856100.0,3,2,2,대체고객
61,60,6,1336600.0,2,1,1,대체고객
62,9,3,137500.0,5,1,1,대체고객
63,13,12,1027700.0,4,2,1,대체고객
64,86,7,1853200.0,2,1,2,대체고객
65,155,1,446600.0,2,1,1,대체고객
66,6,41,12243900.0,5,5,5,VIP
67,11,6,198100.0,4,1,1,대체고객
68,196,4,230700.0,2,1,1,대체고객
69,18,64,19111553.0,4,5,5,VIP
70,5,27,11267545.0,5,4,4,우수고객
71,2,34,11238506.0,6,4,4,VIP
72,16,24,4369000.0,4,4,3,우수고객
73,8,54,12624083.0,5,5,5,VIP
74,8,38,10385000.0,5,5,4,VIP
75,15,15,1540300.0,4,3,1,성장고객
76,24,11,634000.0,3,2,1,대체고객
77,52,6,1229700.0,2,1,1,대체고객
78,19,11,3024000.0,3,2,2,대체고객
79,136,7,2670200.0,2,1,2,대체고객
80,18,5,2068625.0,4,1,2,대체고객
81,2,14,3976094.0,6,3,3,우수고객
82,4,55,10488000.0,6,5,4,VIP
83,72,5,46771694.0,2,1,5,성장고객
84,9,9,2342700.0,5,2,2,성장고객
85,99,5,4202300.0,2,1,3,대체고객
86,60,14,2546081.0,2,3,2,대체고객
87,3,33,21385700.0,6,4,5,VIP
88,36,3,3675253.0,3,1,3,대체고객
89,21,9,1957700.0,3,2,2,대체고객
90,70,19,6686800.0,2,3,4,성장고객
91,1,32,5262721.0,6,4,3,우수고객
92,59,5,2248200.0,2,1,2,대체고객
93,7,53,17004700.0,5,5,5,VIP
94,10,15,3866867.0,5,3,3,우수고객
95,2,18,2296100.0,6,3,2,우수고객
96,82,11,3636200.0,2,2,3,대체고객
97,4,28,10039450.0,6,4,4,VIP
98,8,107,30471131.0,5,5,5,VIP
99,50,11,4939300.0,2,2,3,대체고객
100,11,21,3005221.0,4,3,2,성장고객
101,15,12,3204712.0,4,2,2,성장고객
102,3,10,3648782.0,6,2,3,우수고객
103,4,11,2802600.0,6,2,2,성장고객
104,7,19,9490900.0,5,3,4,우수고객
105,2,8,1505000.0,6,1,1,성장고객
106,83,10,2990400.0,2,2,2,대체고객
108,4,51,15615953.0,6,5,5,VIP
109,8,74,24614758.0,5,5,5,VIP
110,6,35,12424102.0,5,4,5,VIP
111,19,7,2016458.0,3,1,2,대체고객
112,76,6,2668800.0,2,1,2,대체고객
113,156,3,1785600.0,2,1,2,대체고객
114,7,23,6536900.0,5,4,4,우수고객
115,4,48,18012800.0,6,5,5,VIP
116,42,13,5281500.0,3,2,3,성장고객
117,11,43,7676106.0,4,5,4,우수고객
118,3,26,6497800.0,6,4,4,VIP
119,72,5,6999800.0,2,1,4,대체고객
120,13,36,49318620.0,4,4,5,우수고객
121,3,31,11019600.0,6,4,4,VIP
122,56,6,729700.0,2,1,1,대체고객
123,5,34,8331200.0,5,4,4,우수고객
124,21,9,3095093.0,3,2,2,대체고객
125,121,8,887600.0,2,1,1,대체고객
126,10,32,3626400.0,5,4,3,우수고객
127,6,26,52634180.0,5,4,5,VIP
128,1,43,13102802.0,6,5,5,VIP
129,148,3,3349900.0,2,1,2,대체고객
130,6,28,9605786.0,5,4,4,우수고객
131,230,1,18200.0,2,1,1,대체고객
132,26,8,692100.0,3,1,1,대체고객
133,3,14,633400.0,6,3,1,성장고객
134,11,38,12642800.0,4,5,5,VIP
135,12,15,3865800.0,4,3,3,성장고객
136,20,17,2806200.0,3,3,2,성장고객
137,4,52,11206700.0,6,5,4,VIP
138,5,10,1835012.0,5,2,2,성장고객
139,26,11,1980400.0,3,2,2,대체고객
140,276,3,162600.0,2,1,1,대체고객
141,20,19,8716500.0,3,3,4,성장고객
142,2,7,614640.0,6,1,1,성장고객
143,12,13,2697000.0,4,2,2,성장고객
144,24,20,3619400.0,3,3,3,성장고객
145,183,6,4273100.0,2,1,3,대체고객
146,61,6,1547100.0,2,1,1,대체고객
148,14,15,5462000.0,4,3,3,성장고객
149,22,10,2649300.0,3,2,2,대체고객
150,2,98,39172441.0,6,5,5,VIP
151,1,59,17399577.0,6,5,5,VIP
152,4,58,131427245.0,6,5,5,VIP
153,151,2,72200.0,2,1,1,대체고객
154,3,18,1947800.0,6,3,2,우수고객
155,110,5,936200.0,2,1,1,대체고객
156,2,68,19082951.0,6,5,5,VIP
157,2,27,43785220.0,6,4,5,VIP
158,6,9,1897500.0,5,2,2,성장고객
159,4,30,50334920.0,6,4,5,VIP
160,72,3,75500.0,2,1,1,대체고객
161,1,12,8263781.0,6,2,4,우수고객
162,11,20,7286800.0,4,3,4,우수고객
163,5,34,51995500.0,5,4,5,VIP
164,4,34,8617178.0,6,4,4,VIP
165,3,25,10398200.0,6,4,4,VIP
166,75,11,5079000.0,2,2,3,대체고객
168,3,70,17589174.0,6,5,5,VIP
169,47,5,496300.0,2,1,1,대체고객
170,6,13,2158800.0,5,2,2,성장고객
171,3,132,25644882.0,6,5,5,VIP
172,5,9,1301600.0,5,2,1,성장고객
173,48,12,2777400.0,2,2,2,대체고객
174,4,30,10090500.0,6,4,4,VIP
175,10,41,9316300.0,5,5,4,VIP
176,96,9,3217700.0,2,2,2,대체고객
177,4,58,17141955.0,6,5,5,VIP
178,13,11,774100.0,4,2,1,대체고객
179,14,29,25999420.0,4,4,5,우수고객
180,16,19,3225021.0,4,3,2,성장고객
181,8,12,1874281.0,5,2,2,성장고객
182,21,23,2736873.0,3,4,2,성장고객
183,11,10,1318100.0,4,2,1,대체고객
184,1,11,3806300.0,6,2,3,우수고객
185,17,5,1189700.0,4,1,1,대체고객
186,3,8,3416700.0,6,1,2,성장고객
187,11,47,8791000.0,4,5,4,우수고객
188,7,21,4864000.0,5,3,3,우수고객
189,7,25,7118323.0,5,4,4,우수고객
190,32,5,2411100.0,3,1,2,대체고객
191,9,27,4158900.0,5,4,3,우수고객
192,26,10,1129300.0,3,2,1,대체고객
193,5,26,4253825.0,5,4,3,우수고객
194,13,58,45741449.0,4,5,5,VIP
195,37,9,1394200.0,3,2,1,대체고객
196,16,13,1864000.0,4,2,2,성장고객
197,15,45,17766927.0,4,5,5,VIP
198,3,16,4851800.0,6,3,3,우수고객
199,5,20,7659017.0,5,3,4,우수고객
200,177,3,1427500.0,2,1,1,대체고객
201,17,13,2145600.0,4,2,2,성장고객
202,2,56,10096900.0,6,5,4,VIP
203,13,19,4643900.0,4,3,3,성장고객
204,2,38,11497826.0,6,5,4,VIP
205,41,38,179921855.0,3,5,5,우수고객
206,2,64,25667500.0,6,5,5,VIP
207,13,12,5049700.0,4,2,3,성장고객
208,9,43,10779405.0,5,5,4,VIP
209,4,133,261855143.0,6,5,5,VIP
210,8,23,6757396.0,5,4,4,우수고객
211,23,5,740700.0,3,1,1,대체고객
212,53,8,505600.0,2,1,1,대체고객
213,1,21,4355000.0,6,3,3,우수고객
214,157,5,855600.0,2,1,1,대체고객
215,17,12,2637300.0,4,2,2,성장고객
216,27,10,3613400.0,3,2,3,성장고객
217,40,19,3080100.0,3,3,2,성장고객
218,8,77,21960518.0,5,5,5,VIP
219,4,30,7610421.0,6,4,4,VIP
220,53,5,2326300.0,2,1,2,대체고객
221,1,535,217298892.0,6,5,5,VIP
222,124,11,4734900.0,2,2,3,대체고객
223,103,2,834000.0,2,1,1,대체고객
224,42,7,983500.0,3,1,1,대체고객
225,162,3,98400.0,2,1,1,대체고객
227,15,27,6059300.0,4,4,3,우수고객
228,187,2,688000.0,2,1,1,대체고객
229,1,49,5033400.0,6,5,3,VIP
230,21,42,16590919.0,3,5,5,우수고객
231,37,7,1236600.0,3,1,1,대체고객
232,22,34,6417100.0,3,4,4,우수고객
233,8,12,2315600.0,5,2,2,성장고객
234,63,8,1437500.0,2,1,1,대체고객
235,13,20,4330640.0,4,3,3,성장고객
236,44,18,5036800.0,2,3,3,성장고객
237,23,7,2286400.0,3,1,2,대체고객
238,5,13,1670500.0,5,2,1,성장고객
239,5,47,14557030.0,5,5,5,VIP
240,1,50,9938000.0,6,5,4,VIP
241,16,27,2853800.0,4,4,2,성장고객
242,48,11,1905400.0,2,2,2,대체고객
243,10,39,8977798.0,5,5,4,VIP
244,34,6,3123000.0,3,1,2,대체고객
245,3,40,7806940.0,6,5,4,VIP
246,68,35,13618300.0,2,4,5,우수고객
247,1,111,85463804.0,6,5,5,VIP
248,16,8,3807300.0,4,1,3,성장고객
249,12,6,12113810.0,4,1,4,성장고객
250,7,32,8542966.0,5,4,4,우수고객
251,2,12,715400.0,6,2,1,성장고객
252,6,30,8276900.0,5,4,4,우수고객
253,5,61,18934325.0,5,5,5,VIP
254,12,67,32341540.0,4,5,5,VIP
255,32,19,1733700.0,3,3,2,성장고객
256,11,40,18163900.0,4,5,5,VIP
257,3,10,2271200.0,6,2,2,성장고객
258,55,22,179685134.0,2,3,5,성장고객
259,70,13,2529300.0,2,2,2,대체고객
260,3,15,6579245.0,6,3,4,우수고객
261,10,91,28435980.0,5,5,5,VIP
262,53,5,2166300.0,2,1,2,대체고객
263,80,10,5498300.0,2,2,3,대체고객
264,69,6,1612700.0,2,1,1,대체고객
265,20,22,2648100.0,3,3,2,성장고객
266,22,5,270100.0,3,1,1,대체고객
267,24,17,2190300.0,3,3,2,성장고객
268,16,9,2132481.0,4,2,2,성장고객
269,27,4,3558453.0,3,1,3,대체고객
270,34,42,17012426.0,3,5,5,우수고객
271,180,4,263800.0,2,1,1,대체고객
272,35,5,1454500.0,3,1,1,대체고객
273,2,41,9886500.0,6,5,4,VIP
274,32,6,1486300.0,3,1,1,대체고객
275,35,12,2823900.0,3,2,2,대체고객
276,28,12,6975700.0,3,2,4,성장고객
277,5,46,13806000.0,5,5,5,VIP
278,44,13,2708600.0,2,2,2,대체고객
279,8,22,6527400.0,5,3,4,우수고객
280,16,4,1418800.0,4,1,1,대체고객
281,33,19,4297300.0,3,3,3,성장고객
282,4,44,16358436.0,6,5,5,VIP
283,4,50,8503500.0,6,5,4,VIP
284,131,2,406716.0,2,1,1,대체고객
285,7,18,5251887.0,5,3,3,우수고객
286,6,71,14955981.0,5,5,5,VIP
287,7,39,8028660.0,5,5,4,VIP
288,3,9,2878500.0,6,2,2,성장고객
289,1,17,4399000.0,6,3,3,우수고객
290,8,24,7278800.0,5,4,4,우수고객
291,18,14,2829400.0,4,3,2,성장고객
292,2,29,27301741.0,6,4,5,VIP
293,2,19,4390200.0,6,3,3,우수고객
294,36,10,1328300.0,3,2,1,대체고객
295,37,13,3998600.0,3,2,3,성장고객
296,12,16,7245300.0,4,3,4,우수고객
297,6,19,27228907.0,5,3,5,우수고객
298,124,8,1662400.0,2,1,1,대체고객
299,1,21,3432458.0,6,3,3,우수고객
300,11,6,1390000.0,4,1,1,대체고객
301,17,49,185248934.0,4,5,5,VIP
302,20,11,3477900.0,3,2,3,성장고객
303,4,68,15276438.0,6,5,5,VIP
304,3,63,16670886.0,6,5,5,VIP
305,42,7,2600900.0,3,1,2,대체고객
306,16,12,3050600.0,4,2,2,성장고객
307,12,5,658900.0,4,1,1,대체고객
308,28,20,4438200.0,3,3,3,성장고객
309,17,37,13106321.0,4,5,5,VIP
310,37,12,2086000.0,3,2,2,대체고객
311,50,14,3539800.0,2,3,3,성장고객
312,2,76,12268200.0,6,5,5,VIP
313,9,18,3526208.0,5,3,3,우수고객
314,4,33,7754200.0,6,4,4,VIP
315,5,10,3671500.0,5,2,3,성장고객
316,6,19,5053287.0,5,3,3,우수고객
317,7,33,10817100.0,5,4,4,우수고객
318,4,68,19287026.0,6,5,5,VIP
319,9,26,6679500.0,5,4,4,우수고객
320,10,11,7109242.0,5,2,4,우수고객
321,4,49,41732870.0,6,5,5,VIP
322,74,23,7625300.0,2,4,4,성장고객
323,30,19,3383500.0,3,3,2,성장고객
324,6,41,13349442.0,5,5,5,VIP
325,68,22,3218700.0,2,3,2,대체고객
326,3,140,120290486.0,6,5,5,VIP
327,29,20,4819500.0,3,3,3,성장고객
328,19,44,7338800.0,3,5,4,우수고객
329,4,21,3486181.0,6,3,3,우수고객
330,1,28,9716282.0,6,4,4,VIP
331,5,18,3091140.0,5,3,2,성장고객
332,32,14,1974440.0,3,3,2,성장고객
333,47,25,3849000.0,2,4,3,성장고객
334,2,11,3596900.0,6,2,3,우수고객
335,21,13,3733993.0,3,2,3,성장고객
336,7,21,8330074.0,5,3,4,우수고객
337,2,51,15488064.0,6,5,5,VIP
338,22,14,3569800.0,3,3,3,성장고객
339,60,18,5708900.0,2,3,3,성장고객
340,130,6,1069000.0,2,1,1,대체고객
341,1,74,16259717.0,6,5,5,VIP
342,7,38,6104200.0,5,5,3,우수고객
343,2,47,6634740.0,6,5,4,VIP
344,68,5,1412300.0,2,1,1,대체고객
345,46,22,4397100.0,2,3,3,성장고객
346,36,8,1823900.0,3,1,2,대체고객
347,5,33,5225400.0,5,4,3,우수고객
348,8,20,4391700.0,5,3,3,우수고객
349,93,18,1100200.0,2,3,1,대체고객
350,101,5,2316200.0,2,1,2,대체고객
351,10,6,677900.0,5,1,1,대체고객
352,25,10,9575802.0,3,2,4,성장고객
353,49,23,3111800.0,2,4,2,성장고객
354,27,12,3933700.0,3,2,3,성장고객
355,26,18,5527200.0,3,3,3,성장고객
356,76,5,241600.0,2,1,1,대체고객
357,83,12,19841931.0,2,2,5,성장고객
358,1,69,15589707.0,6,5,5,VIP
359,15,30,5037700.0,4,4,3,우수고객
360,28,24,4618800.0,3,4,3,성장고객
361,8,29,8849335.0,5,4,4,우수고객
362,19,11,468100.0,3,2,1,대체고객
363,2,65,14066832.0,6,5,5,VIP
364,2,13,1001400.0,6,2,1,성장고객
365,10,17,3391800.0,5,3,2,성장고객
366,18,30,45185420.0,4,4,5,우수고객
367,14,33,8314600.0,4,4,4,우수고객
368,70,7,1183216.0,2,1,1,대체고객
369,56,13,2780300.0,2,2,2,대체고객
370,14,90,25139562.0,4,5,5,VIP
371,11,83,23139500.0,4,5,5,VIP
372,9,19,7176949.0,5,3,4,우수고객
373,8,26,7894400.0,5,4,4,우수고객
374,15,9,2740600.0,4,2,2,성장고객
375,9,28,12005437.0,5,4,4,우수고객
376,3,8,2919300.0,6,1,2,성장고객
377,15,9,3179200.0,4,2,2,성장고객
378,39,6,2891001.0,3,1,2,대체고객
379,2,78,18614365.0,6,5,5,VIP
380,20,17,2945400.0,3,3,2,성장고객
381,4,49,11764900.0,6,5,4,VIP
382,31,11,1862800.0,3,2,2,대체고객
383,107,8,346300.0,2,1,1,대체고객
384,16,23,4081900.0,4,4,3,우수고객
385,75,4,221800.0,2,1,1,대체고객
386,33,27,7523981.0,3,4,4,우수고객
387,9,17,4100700.0,5,3,3,우수고객
388,18,11,4401100.0,4,2,3,성장고객
389,24,9,3761281.0,3,2,3,성장고객
390,2,93,26023280.0,6,5,5,VIP
391,25,18,3628300.0,3,3,3,성장고객
392,61,10,1850900.0,2,2,2,대체고객
393,17,34,5897461.0,4,4,3,우수고객
394,22,5,2486500.0,3,1,2,대체고객
395,28,44,20368780.0,3,5,5,우수고객
396,6,20,11683184.0,5,3,4,우수고객
397,66,4,1529400.0,2,1,1,대체고객
398,25,11,2650116.0,3,2,2,대체고객
399,50,4,157300.0,2,1,1,대체고객
400,30,16,3174500.0,3,3,2,성장고객
401,78,5,834900.0,2,1,1,대체고객
402,73,3,135700.0,2,1,1,대체고객
403,19,20,2402700.0,3,3,2,성장고객
404,1,21,6620000.0,6,3,4,우수고객
405,13,42,6993000.0,4,5,4,우수고객
406,1,53,49198520.0,6,5,5,VIP
407,3,16,2150500.0,6,3,2,우수고객
408,22,24,9331338.0,3,4,4,우수고객
409,32,4,660700.0,3,1,1,대체고객
410,21,37,9027481.0,3,5,4,우수고객
411,28,26,10732837.0,3,4,4,우수고객
412,14,35,10158237.0,4,4,4,우수고객
413,69,7,308600.0,2,1,1,대체고객
414,16,14,14426640.0,4,3,5,우수고객
415,15,14,2983181.0,4,3,2,성장고객
416,3,68,22257387.0,6,5,5,VIP
417,1,21,3419400.0,6,3,2,우수고객
418,76,3,1837900.0,2,1,2,대체고객
419,1,30,4787400.0,6,4,3,우수고객
420,3,15,5267800.0,6,3,3,우수고객
421,3,43,13681300.0,6,5,5,VIP
422,7,29,9221000.0,5,4,4,우수고객
423,11,62,12742923.0,4,5,5,VIP
424,25,47,12699600.0,3,5,5,우수고객
425,2,31,4789367.0,6,4,3,우수고객
426,6,46,10396700.0,5,5,4,VIP
427,34,39,8123000.0,3,5,4,우수고객
428,46,10,1890800.0,2,2,2,대체고객
429,170,2,126400.0,2,1,1,대체고객
430,15,7,922300.0,4,1,1,대체고객
431,11,30,11876338.0,4,4,4,우수고객
432,68,1,2085096.0,2,1,2,대체고객
433,25,11,568300.0,3,2,1,대체고객
434,30,11,3343800.0,3,2,2,대체고객
435,16,40,25454582.0,4,5,5,VIP
436,2,13,1987000.0,6,2,2,성장고객
437,82,8,1469100.0,2,1,1,대체고객
438,8,46,13869501.0,5,5,5,VIP
439,47,19,7794464.0,2,3,4,성장고객
440,5,14,7055400.0,5,3,4,우수고객
441,49,14,222727496.0,2,3,5,성장고객
442,40,28,7526664.0,3,4,4,우수고객
443,9,9,8896500.0,5,2,4,우수고객
444,16,18,2626500.0,4,3,2,성장고객
445,3,65,23879462.0,6,5,5,VIP
446,8,16,5380600.0,5,3,3,우수고객
447,9,9,543500.0,5,2,1,성장고객
448,35,4,616800.0,3,1,1,대체고객
449,5,30,4236340.0,5,4,3,우수고객
450,57,8,556900.0,2,1,1,대체고객
451,12,12,3699300.0,4,2,3,성장고객
452,9,9,2492337.0,5,2,2,성장고객
453,24,19,2746500.0,3,3,2,성장고객
454,89,3,996500.0,2,1,1,대체고객
455,6,22,5296000.0,5,3,3,우수고객
456,20,13,3131300.0,3,2,2,대체고객
457,13,23,4319400.0,4,4,3,우수고객
458,12,16,4608200.0,4,3,3,성장고객
459,20,18,1688100.0,3,3,2,성장고객
460,31,32,2165900.0,3,4,2,성장고객
461,3,78,47812673.0,6,5,5,VIP
462,13,44,17176773.0,4,5,5,VIP
463,68,4,2452537.0,2,1,2,대체고객
464,47,8,1129400.0,2,1,1,대체고객
465,108,11,2165000.0,2,2,2,대체고객
466,30,16,3547700.0,3,3,3,성장고객
467,34,15,4147500.0,3,3,3,성장고객
468,70,7,223200.0,2,1,1,대체고객
469,15,10,3000500.0,4,2,2,성장고객
470,1,21,5503400.0,6,3,3,우수고객
471,30,35,4808200.0,3,4,3,성장고객
472,96,7,467900.0,2,1,1,대체고객
473,105,9,3650043.0,2,2,3,대체고객
474,86,2,31700.0,2,1,1,대체고객
475,132,3,357500.0,2,1,1,대체고객
476,9,28,5879700.0,5,4,3,우수고객
477,28,24,9694300.0,3,4,4,우수고객
478,17,28,16546818.0,4,4,5,우수고객
479,8,63,15793000.0,5,5,5,VIP
480,3,3,302400.0,6,1,1,성장고객
481,16,4,2356500.0,4,1,2,대체고객
482,13,10,4154700.0,4,2,3,성장고객
483,19,2,2380800.0,3,1,2,대체고객
484,22,9,7723900.0,3,2,4,성장고객
485,5,27,14950191.0,5,4,5,VIP
486,1,18,4402400.0,6,3,3,우수고객
487,1,40,6810700.0,6,5,4,VIP
488,9,19,1935400.0,5,3,2,성장고객
489,11,11,3565100.0,4,2,3,성장고객
490,9,12,1562800.0,5,2,1,성장고객
491,16,32,4229600.0,4,4,3,우수고객
492,74,6,2650600.0,2,1,2,대체고객
494,16,24,6025900.0,4,4,3,우수고객
495,13,26,5444100.0,4,4,3,우수고객
496,4,74,13435394.0,6,5,5,VIP
497,3,27,37233430.0,6,4,5,VIP
498,24,16,3993200.0,3,3,3,성장고객
499,37,10,1466140.0,3,2,1,대체고객
500,39,8,1527100.0,3,1,1,대체고객
501,8,15,7280700.0,5,3,4,우수고객
502,42,33,6766200.0,3,4,4,우수고객
503,1,31,8099800.0,6,4,4,VIP
504,1,47,9708200.0,6,5,4,VIP
505,9,18,6376900.0,5,3,4,우수고객
506,56,11,2704300.0,2,2,2,대체고객
507,12,61,12001800.0,4,5,4,우수고객
508,3,50,17743581.0,6,5,5,VIP
509,7,28,11374953.0,5,4,4,우수고객
510,31,24,11385435.0,3,4,4,우수고객
511,1,26,177400834.0,6,4,5,VIP
512,12,12,2971600.0,4,2,2,성장고객
513,35,14,4717300.0,3,3,3,성장고객
514,26,13,9432523.0,3,2,4,성장고객
515,1,18,4236200.0,6,3,3,우수고객
516,26,39,9102700.0,3,5,4,우수고객
517,16,26,3945100.0,4,4,3,우수고객
518,9,20,4035700.0,5,3,3,우수고객
519,11,36,6687800.0,4,4,4,우수고객
520,17,8,704400.0,4,1,1,대체고객
521,14,5,930100.0,4,1,1,대체고객
522,2,15,5211118.0,6,3,3,우수고객
523,3,23,4555600.0,6,4,3,우수고객
524,2,35,6247500.0,6,4,3,우수고객
525,2,24,8950300.0,6,4,4,VIP
526,14,33,7898800.0,4,4,4,우수고객
527,91,3,313200.0,2,1,1,대체고객
528,51,14,3862000.0,2,3,3,성장고객
529,9,21,4512000.0,5,3,3,우수고객
530,3,26,14694865.0,6,4,5,VIP
531,1,125,122062288.0,6,5,5,VIP
532,31,8,2889800.0,3,1,2,대체고객
533,67,7,1077100.0,2,1,1,대체고객
534,87,11,1668000.0,2,2,1,대체고객
535,11,11,1024300.0,4,2,1,대체고객
536,78,3,403300.0,2,1,1,대체고객
537,11,15,2896500.0,4,3,2,성장고객
538,1,41,15050396.0,6,5,5,VIP
539,30,15,3207718.0,3,3,2,성장고객
540,21,8,1789700.0,3,1,2,대체고객
541,39,17,36915084.0,3,3,5,우수고객
542,84,5,125800.0,2,1,1,대체고객
543,1,39,77643283.0,6,5,5,VIP
544,1,63,20016009.0,6,5,5,VIP
545,44,8,1601300.0,2,1,1,대체고객
546,2,28,3945100.0,6,4,3,우수고객
547,16,8,3459700.0,4,1,3,성장고객
548,9,22,6505716.0,5,3,4,우수고객
549,30,15,4481100.0,3,3,3,성장고객
550,141,4,87100.0,2,1,1,대체고객
551,1,50,12726312.0,6,5,5,VIP
552,45,13,3432700.0,2,2,3,대체고객
553,32,11,1085100.0,3,2,1,대체고객
554,1,21,10088335.0,6,3,4,우수고객
555,44,6,2021400.0,2,1,2,대체고객
556,6,8,1784100.0,5,1,2,성장고객
557,271,1,1339800.0,2,1,1,대체고객
558,146,2,74500.0,2,1,1,대체고객
559,57,3,1410400.0,2,1,1,대체고객
560,6,12,6655118.0,5,2,4,우수고객
561,89,5,776400.0,2,1,1,대체고객
562,13,14,3277800.0,4,3,2,성장고객
563,25,8,3461900.0,3,1,3,대체고객
564,4,17,2125700.0,6,3,2,우수고객
565,4,23,4518164.0,6,4,3,우수고객
566,3,81,13599700.0,6,5,5,VIP
567,13,18,2758300.0,4,3,2,성장고객
568,8,8,514300.0,5,1,1,대체고객
569,31,34,8712316.0,3,4,4,우수고객
570,2,51,49303116.0,6,5,5,VIP
571,124,5,159500.0,2,1,1,대체고객
572,10,8,32959230.0,5,1,5,우수고객
573,41,4,351700.0,3,1,1,대체고객
574,113,10,635300.0,2,2,1,대체고객
575,2,25,10651700.0,6,4,4,VIP
576,4,70,13565606.0,6,5,5,VIP
577,12,33,12020956.0,4,4,4,우수고객
578,33,28,183225798.0,3,4,5,우수고객
579,2,15,4517482.0,6,3,3,우수고객
580,7,24,8032987.0,5,4,4,우수고객
581,2,19,6163868.0,6,3,3,우수고객
582,4,58,16392120.0,6,5,5,VIP
583,39,12,4706400.0,3,2,3,성장고객
584,29,19,5016400.0,3,3,3,성장고객
585,98,12,782300.0,2,2,1,대체고객
586,43,12,3253501.0,2,2,2,대체고객
587,51,7,654900.0,2,1,1,대체고객
588,11,7,747900.0,4,1,1,대체고객
589,1,42,40161905.0,6,5,5,VIP
590,7,55,30331068.0,5,5,5,VIP
591,11,16,6206600.0,4,3,3,성장고객
592,2,30,5980000.0,6,4,3,우수고객
593,1,36,6338321.0,6,4,4,VIP
594,15,7,2418123.0,4,1,2,대체고객
595,22,15,7429600.0,3,3,4,성장고객
596,47,11,2665223.0,2,2,2,대체고객
597,12,15,2813200.0,4,3,2,성장고객
598,9,26,5338500.0,5,4,3,우수고객
599,9,23,6639600.0,5,4,4,우수고객
600,8,45,13793700.0,5,5,5,VIP
601,21,14,4601300.0,3,3,3,성장고객
602,39,5,917500.0,3,1,1,대체고객
603,2,37,8190558.0,6,5,4,VIP
604,98,8,4196500.0,2,1,3,대체고객
605,5,12,3203300.0,5,2,2,성장고객
606,15,12,2251600.0,4,2,2,성장고객
607,37,5,1283900.0,3,1,1,대체고객
608,113,16,4459100.0,2,3,3,성장고객
609,31,26,10461560.0,3,4,4,우수고객
610,10,16,4399837.0,5,3,3,우수고객
611,8,54,19410408.0,5,5,5,VIP
612,4,53,18605500.0,6,5,5,VIP
613,4,40,11829700.0,6,5,4,VIP
614,40,5,568900.0,3,1,1,대체고객
615,2,54,52580194.0,6,5,5,VIP
616,69,12,1676700.0,2,2,2,대체고객
617,7,68,20237108.0,5,5,5,VIP
618,8,16,3035300.0,5,3,2,성장고객
619,10,13,3899058.0,5,2,3,성장고객
620,18,13,2983900.0,4,2,2,성장고객
621,23,11,2143800.0,3,2,2,대체고객
622,8,5,1127900.0,5,1,1,대체고객
623,6,4,360800.0,5,1,1,대체고객
624,4,230,67609907.0,6,5,5,VIP
625,157,4,801800.0,2,1,1,대체고객
626,13,3,121000.0,4,1,1,대체고객
627,16,24,121374123.0,4,4,5,우수고객
628,2,7,165800.0,6,1,1,성장고객
629,16,2,137000.0,4,1,1,대체고객
631,44,16,7608900.0,2,3,4,성장고객
632,70,6,1893500.0,2,1,2,대체고객
633,39,34,12472240.0,3,4,5,우수고객
634,17,11,2360500.0,4,2,2,성장고객
635,17,18,5268100.0,4,3,3,성장고객
636,74,13,2308800.0,2,2,2,대체고객
637,3,7,236300.0,6,1,1,성장고객
638,5,8,2757500.0,5,1,2,성장고객
639,60,7,7057200.0,2,1,4,대체고객
640,48,7,2868845.0,2,1,2,대체고객
641,19,60,23632735.0,3,5,5,우수고객
642,34,10,1883000.0,3,2,2,대체고객
643,26,3,1640400.0,3,1,1,대체고객
644,4,27,12932900.0,6,4,5,VIP
645,9,11,2512100.0,5,2,2,성장고객
646,16,16,9138112.0,4,3,4,우수고객
647,11,12,13204800.0,4,2,5,우수고객
648,12,80,11975546.0,4,5,4,우수고객
649,31,8,1780021.0,3,1,2,대체고객
650,1,40,11581400.0,6,5,4,VIP
651,5,28,10028555.0,5,4,4,우수고객
652,3,4,440400.0,6,1,1,성장고객
653,63,15,883200.0,2,3,1,대체고객
654,32,9,332500.0,3,2,1,대체고객
655,98,2,2341500.0,2,1,2,대체고객
656,35,3,652100.0,3,1,1,대체고객
657,13,42,12842400.0,4,5,5,VIP
658,2,173,69437227.0,6,5,5,VIP
659,28,11,1828900.0,3,2,2,대체고객
660,20,14,3574800.0,3,3,3,성장고객
661,3,13,2625600.0,6,2,2,성장고객
662,15,7,294900.0,4,1,1,대체고객
663,7,55,14717300.0,5,5,5,VIP
664,2,127,54216720.0,6,5,5,VIP
665,20,10,2693100.0,3,2,2,대체고객
666,1,86,14608173.0,6,5,5,VIP
667,7,15,1129100.0,5,3,1,성장고객
668,45,9,2582401.0,2,2,2,대체고객
669,12,21,10242000.0,4,3,4,우수고객
670,3,42,17894300.0,6,5,5,VIP
671,31,12,2774300.0,3,2,2,대체고객
672,6,32,10705606.0,5,4,4,우수고객
673,65,17,30985441.0,2,3,5,성장고객
674,15,55,73948316.0,4,5,5,VIP
675,14,22,8203600.0,4,3,4,우수고객
676,4,66,14017600.0,6,5,5,VIP
677,127,8,2022200.0,2,1,2,대체고객
678,20,9,790200.0,3,2,1,대체고객
679,10,14,3245300.0,5,3,2,성장고객
680,34,5,886700.0,3,1,1,대체고객
681,9,10,3192738.0,5,2,2,성장고객
682,17,23,6471981.0,4,4,4,우수고객
683,2,40,13051500.0,6,5,5,VIP
684,29,21,5121135.0,3,3,3,성장고객
685,6,42,15578239.0,5,5,5,VIP
686,14,5,1670000.0,4,1,1,대체고객
687,16,14,7714918.0,4,3,4,우수고객
688,227,4,4131300.0,2,1,3,대체고객
689,15,17,3852272.0,4,3,3,성장고객
690,1,27,5451200.0,6,4,3,우수고객
691,2,61,10291200.0,6,5,4,VIP
692,4,10,1912800.0,6,2,2,성장고객
693,13,29,8599900.0,4,4,4,우수고객
694,1,65,20552600.0,6,5,5,VIP
695,31,8,5507935.0,3,1,3,대체고객
696,11,7,2491400.0,4,1,2,대체고객
697,5,5,4325800.0,5,1,3,성장고객
698,6,26,5737861.0,5,4,3,우수고객
699,14,8,3668853.0,4,1,3,성장고객
700,43,28,10094868.0,2,4,4,성장고객
701,21,10,16659152.0,3,2,5,성장고객
702,14,64,26210401.0,4,5,5,VIP
703,12,23,8231900.0,4,4,4,우수고객
704,116,6,1780300.0,2,1,2,대체고객
705,68,11,5987853.0,2,2,3,대체고객
706,7,41,11236783.0,5,5,4,VIP
707,42,1,591000.0,3,1,1,대체고객
708,3,56,19179838.0,6,5,5,VIP
709,43,16,5849768.0,2,3,3,성장고객
710,10,31,8141300.0,5,4,4,우수고객
711,46,13,2338100.0,2,2,2,대체고객
712,29,8,1189900.0,3,1,1,대체고객
713,23,7,2173200.0,3,1,2,대체고객
714,13,69,21145737.0,4,5,5,VIP
715,2,11,510300.0,6,2,1,성장고객
716,1,287,160882074.0,6,5,5,VIP
717,1,12,5797400.0,6,2,3,우수고객
718,9,3,1889200.0,5,1,2,성장고객
719,129,5,268900.0,2,1,1,대체고객
720,9,42,11908800.0,5,5,4,VIP
721,1,11,1414300.0,6,2,1,성장고객
722,31,30,6315100.0,3,4,4,우수고객
723,6,122,149510260.0,5,5,5,VIP
724,21,30,8192100.0,3,4,4,우수고객
725,46,20,4719800.0,2,3,3,성장고객
726,1,51,19871419.0,6,5,5,VIP
727,26,31,6539200.0,3,4,4,우수고객
728,2,5,920300.0,6,1,1,성장고객
729,3,58,10442600.0,6,5,4,VIP
730,23,25,8700635.0,3,4,4,우수고객
731,8,63,43498807.0,5,5,5,VIP
732,16,24,5562600.0,4,4,3,우수고객
733,14,51,11262801.0,4,5,4,우수고객
734,39,11,3869721.0,3,2,3,성장고객
735,21,4,2481600.0,3,1,2,대체고객
736,16,28,7432400.0,4,4,4,우수고객
737,14,40,8919800.0,4,5,4,우수고객
738,6,12,3345100.0,5,2,2,성장고객
739,15,14,2650900.0,4,3,2,성장고객
740,256,1,37200.0,2,1,1,대체고객
741,34,17,5653601.0,3,3,3,성장고객
742,26,5,3227900.0,3,1,2,대체고객
743,7,33,12152925.0,5,4,5,VIP
744,51,18,4523000.0,2,3,3,성장고객
745,58,14,1975800.0,2,3,2,대체고객
746,6,58,12101040.0,5,5,4,VIP
747,2,15,4786326.0,6,3,3,우수고객
748,10,23,5735096.0,5,4,3,우수고객
749,16,16,9115294.0,4,3,4,우수고객
750,56,10,2135846.0,2,2,2,대체고객
751,4,42,12383546.0,6,5,5,VIP
752,87,5,302600.0,2,1,1,대체고객
753,9,26,5497700.0,5,4,3,우수고객
754,4,52,15260555.0,6,5,5,VIP
755,74,12,5298500.0,2,2,3,대체고객
756,177,3,463700.0,2,1,1,대체고객
757,12,12,1908200.0,4,2,2,성장고객
758,3,84,16578745.0,6,5,5,VIP
759,13,9,3317800.0,4,2,2,성장고객
760,13,13,2348600.0,4,2,2,성장고객
761,10,34,10127338.0,5,4,4,우수고객
762,285,1,97400.0,2,1,1,대체고객
763,115,6,2139900.0,2,1,2,대체고객
764,7,62,15094721.0,5,5,5,VIP
765,56,7,1249700.0,2,1,1,대체고객
766,6,12,2110500.0,5,2,2,성장고객
767,11,22,7685659.0,4,3,4,우수고객
768,18,25,6211861.0,4,4,3,우수고객
769,15,10,686200.0,4,2,1,대체고객
770,3,24,3482100.0,6,4,3,우수고객
771,5,67,25998302.0,5,5,5,VIP
772,15,8,1530500.0,4,1,1,대체고객
773,42,13,23595920.0,3,2,5,성장고객
774,3,14,4153481.0,6,3,3,우수고객
775,4,21,9451400.0,6,3,4,우수고객
776,20,13,2630300.0,3,2,2,대체고객
777,15,13,16960740.0,4,2,5,우수고객
778,89,4,607200.0,2,1,1,대체고객
779,2,7,4413642.0,6,1,3,성장고객
780,21,14,3570500.0,3,3,3,성장고객
781,100,14,6824353.0,2,3,4,성장고객
782,1,18,2124700.0,6,3,2,우수고객
783,70,20,4267325.0,2,3,3,성장고객
784,1,143,76475894.0,6,5,5,VIP
785,44,10,3513900.0,2,2,3,대체고객
786,4,50,15859400.0,6,5,5,VIP
787,16,53,14246435.0,4,5,5,VIP
788,17,38,8083100.0,4,5,4,우수고객
789,30,6,331800.0,3,1,1,대체고객
790,19,15,3376900.0,3,3,2,성장고객
791,72,15,10101843.0,2,3,4,성장고객
792,2,110,57813188.0,6,5,5,VIP
793,9,25,10276900.0,5,4,4,우수고객
794,11,13,1331600.0,4,2,1,대체고객
795,2,98,23007914.0,6,5,5,VIP
796,27,6,2849100.0,3,1,2,대체고객
797,11,26,5470900.0,4,4,3,우수고객
798,18,27,3897900.0,4,4,3,우수고객
799,23,28,5011888.0,3,4,3,성장고객
800,3,19,15500110.0,6,3,5,VIP
801,14,38,5674273.0,4,5,3,우수고객
802,34,5,2357900.0,3,1,2,대체고객
803,1,54,12685723.0,6,5,5,VIP
804,13,20,8632100.0,4,3,4,우수고객
805,6,51,17084340.0,5,5,5,VIP
806,6,44,10030000.0,5,5,4,VIP
807,21,34,6501600.0,3,4,4,우수고객
808,12,21,4468000.0,4,3,3,성장고객
809,14,48,29135441.0,4,5,5,VIP
810,4,20,8630902.0,6,3,4,우수고객
812,53,6,1115300.0,2,1,1,대체고객
813,2,13,13014010.0,6,2,5,우수고객
814,23,19,3735600.0,3,3,3,성장고객
815,7,38,9654300.0,5,5,4,VIP
816,2,71,21763516.0,6,5,5,VIP
817,15,28,5621281.0,4,4,3,우수고객
818,278,2,722800.0,2,1,1,대체고객
819,19,24,7626300.0,3,4,4,우수고객
820,8,39,125137015.0,5,5,5,VIP
821,4,19,3310200.0,6,3,2,우수고객
822,14,23,4605500.0,4,4,3,우수고객
823,30,13,1219800.0,3,2,1,대체고객
824,4,35,36819663.0,6,4,5,VIP
825,16,14,5272300.0,4,3,3,성장고객
826,8,31,11485158.0,5,4,4,우수고객
827,24,20,20135031.0,3,3,5,우수고객
828,5,16,3734300.0,5,3,3,우수고객
829,40,29,66790511.0,3,4,5,우수고객
830,11,20,3263100.0,4,3,2,성장고객
831,5,54,16427200.0,5,5,5,VIP
832,7,34,128700687.0,5,4,5,VIP
833,17,38,10201700.0,4,5,4,우수고객
834,30,6,599000.0,3,1,1,대체고객
835,28,11,59655911.0,3,2,5,성장고객
836,16,21,7815000.0,4,3,4,우수고객
837,11,23,2671500.0,4,4,2,성장고객
838,16,29,5592600.0,4,4,3,우수고객
839,15,5,418600.0,4,1,1,대체고객
840,13,32,16530708.0,4,4,5,우수고객
841,79,11,6301900.0,2,2,3,대체고객
842,22,30,4944523.0,3,4,3,성장고객
843,47,19,4478600.0,2,3,3,성장고객
844,79,11,2653700.0,2,2,2,대체고객
845,28,5,15242631.0,3,1,5,성장고객
846,5,23,11029900.0,5,4,4,우수고객
847,32,24,6361100.0,3,4,4,우수고객
848,51,7,1517500.0,2,1,1,대체고객
849,4,26,2440100.0,6,4,2,우수고객
850,1,49,18123140.0,6,5,5,VIP
851,6,37,9889935.0,5,5,4,VIP
852,32,29,17367600.0,3,4,5,우수고객
853,5,17,2215900.0,5,3,2,성장고객
854,22,14,1062900.0,3,3,1,대체고객
855,73,12,2740418.0,2,2,2,대체고객
856,65,18,6854921.0,2,3,4,성장고객
857,5,32,6503900.0,5,4,4,우수고객
858,21,15,1152000.0,3,3,1,대체고객
859,34,3,57300.0,3,1,1,대체고객
860,14,30,5910700.0,4,4,3,우수고객
861,14,23,5272000.0,4,4,3,우수고객
862,1,22,5964500.0,6,3,3,우수고객
863,130,4,464900.0,2,1,1,대체고객
864,200,4,524200.0,2,1,1,대체고객
865,13,9,1701000.0,4,2,2,성장고객
866,36,9,1751900.0,3,2,2,대체고객
867,63,13,1576500.0,2,2,1,대체고객
868,16,7,232200.0,4,1,1,대체고객
869,4,117,30731621.0,6,5,5,VIP
870,3,63,131740423.0,6,5,5,VIP
871,55,13,2512282.0,2,2,2,대체고객
872,3,20,4353000.0,6,3,3,우수고객
873,2,80,24936791.0,6,5,5,VIP
874,1,85,19748838.0,6,5,5,VIP
875,19,4,438800.0,3,1,1,대체고객
876,100,17,3845100.0,2,3,3,성장고객
877,5,18,5090500.0,5,3,3,우수고객
878,8,12,1468000.0,5,2,1,성장고객
879,30,11,3433400.0,3,2,3,성장고객
880,23,18,2634625.0,3,3,2,성장고객
881,17,13,1748000.0,4,2,2,성장고객
882,10,26,3081458.0,5,4,2,우수고객
883,7,64,19373062.0,5,5,5,VIP
884,11,6,815981.0,4,1,1,대체고객
885,7,34,5013000.0,5,4,3,우수고객
886,27,8,1020000.0,3,1,1,대체고객
887,27,15,2807200.0,3,3,2,성장고객
888,15,40,10273000.0,4,5,4,우수고객
889,2,28,4859700.0,6,4,3,우수고객
890,10,15,5784000.0,5,3,3,우수고객
891,4,26,6183900.0,6,4,3,우수고객
892,1,78,58466130.0,6,5,5,VIP
893,74,9,5359500.0,2,2,3,대체고객
894,17,27,35757930.0,4,4,5,우수고객
895,6,44,7592591.0,5,5,4,VIP
896,18,12,1535618.0,4,2,1,대체고객
897,2,69,135706423.0,6,5,5,VIP
898,4,95,64473028.0,6,5,5,VIP
899,2,47,9537764.0,6,5,4,VIP
900,4,41,32202710.0,6,5,5,VIP
901,62,2,853400.0,2,1,1,대체고객
902,147,6,726000.0,2,1,1,대체고객
903,15,11,3466500.0,4,2,3,성장고객
904,21,10,1832500.0,3,2,2,대체고객
905,7,32,8489100.0,5,4,4,우수고객
907,35,19,3376900.0,3,3,2,성장고객
908,44,9,644300.0,2,2,1,대체고객
909,22,15,4458800.0,3,3,3,성장고객
910,1,93,22408500.0,6,5,5,VIP
911,14,17,4833282.0,4,3,3,성장고객
912,30,5,637100.0,3,1,1,대체고객
913,4,30,5938000.0,6,4,3,우수고객
914,22,23,4367200.0,3,4,3,성장고객
915,24,25,5089800.0,3,4,3,성장고객
916,3,139,25514913.0,6,5,5,VIP
917,1,23,4232492.0,6,4,3,우수고객
918,8,53,19117587.0,5,5,5,VIP
919,5,21,50158508.0,5,3,5,우수고객
920,12,34,8355502.0,4,4,4,우수고객
921,5,13,1736900.0,5,2,2,성장고객
922,30,5,2547900.0,3,1,2,대체고객
923,12,38,14838100.0,4,5,5,VIP
924,79,23,11972700.0,2,4,4,성장고객
925,15,42,10879000.0,4,5,4,우수고객
926,206,6,335600.0,2,1,1,대체고객
927,2,17,2367400.0,6,3,2,우수고객
928,93,5,302500.0,2,1,1,대체고객
929,17,9,352800.0,4,2,1,대체고객
930,8,13,3077100.0,5,2,2,성장고객
931,47,23,2671200.0,2,4,2,성장고객
932,37,13,519800.0,3,2,1,대체고객
933,95,6,2403900.0,2,1,2,대체고객
934,5,10,3597221.0,5,2,3,성장고객
935,29,32,22614819.0,3,4,5,우수고객
936,10,24,14520100.0,5,4,5,VIP
937,36,11,3060172.0,3,2,2,대체고객
938,19,27,5823513.0,3,4,3,성장고객
939,2,58,14803700.0,6,5,5,VIP
940,3,36,5911223.0,6,4,3,우수고객
941,108,3,116900.0,2,1,1,대체고객
942,14,14,1452200.0,4,3,1,성장고객
943,30,15,4212181.0,3,3,3,성장고객
944,9,6,132500.0,5,1,1,대체고객
945,103,8,539300.0,2,1,1,대체고객
946,2,32,6147400.0,6,4,3,우수고객
947,9,20,3330581.0,5,3,2,성장고객
948,8,19,5045000.0,5,3,3,우수고객
949,4,9,1737600.0,6,2,2,성장고객
950,9,38,12339853.0,5,5,5,VIP
951,111,2,62600.0,2,1,1,대체고객
952,42,12,11098814.0,3,2,4,성장고객
953,1,11,2968300.0,6,2,2,성장고객
954,4,3,229000.0,6,1,1,성장고객
955,3,8,4288000.0,6,1,3,성장고객
956,12,54,12488294.0,4,5,5,VIP
957,105,10,7209538.0,2,2,4,성장고객
958,5,29,5208000.0,5,4,3,우수고객
959,20,25,7988091.0,3,4,4,우수고객
960,9,8,1504600.0,5,1,1,대체고객
961,145,6,849500.0,2,1,1,대체고객
962,13,18,8434500.0,4,3,4,우수고객
963,302,1,41700.0,2,1,1,대체고객
964,41,6,1053800.0,3,1,1,대체고객
965,13,25,10120400.0,4,4,4,우수고객
966,3,49,10508000.0,6,5,4,VIP
967,29,16,3347840.0,3,3,2,성장고객
968,38,8,1194200.0,3,1,1,대체고객
969,74,4,245800.0,2,1,1,대체고객
970,6,13,176438370.0,5,2,5,우수고객
971,23,29,12873153.0,3,4,5,우수고객
972,5,28,6753692.0,5,4,4,우수고객
973,39,18,1718700.0,3,3,2,성장고객
974,27,28,6858400.0,3,4,4,우수고객
975,1,18,7303496.0,6,3,4,우수고객
976,177,5,1720700.0,2,1,2,대체고객
977,125,5,264000.0,2,1,1,대체고객
978,15,25,7702200.0,4,4,4,우수고객
979,95,4,676300.0,2,1,1,대체고객
980,12,13,2648300.0,4,2,2,성장고객
981,18,15,4660440.0,4,3,3,성장고객
982,25,11,3941800.0,3,2,3,성장고객
983,131,5,888000.0,2,1,1,대체고객
984,71,8,1993500.0,2,1,2,대체고객
985,50,5,1605008.0,2,1,1,대체고객
986,1,24,7449685.0,6,4,4,VIP
987,16,17,1870900.0,4,3,2,성장고객
988,32,6,609900.0,3,1,1,대체고객
989,241,4,623400.0,2,1,1,대체고객
990,14,57,12150400.0,4,5,4,우수고객
991,14,28,5695200.0,4,4,3,우수고객
992,53,12,3118602.0,2,2,2,대체고객
993,14,39,9908538.0,4,5,4,우수고객
994,16,14,2953718.0,4,3,2,성장고객
995,2,19,6336587.0,6,3,4,우수고객
996,13,5,358600.0,4,1,1,대체고객
997,177,2,57900.0,2,1,1,대체고객
998,42,3,1277300.0,3,1,1,대체고객
999,4,112,53825930.0,6,5,5,VIP
1000,51,6,1749900.0,2,1,2,대체고객
1001,12,17,3000600.0,4,3,2,성장고객
1002,25,29,7469900.0,3,4,4,우수고객
1003,19,17,35361230.0,3,3,5,우수고객
1004,48,10,1588300.0,2,2,1,대체고객
1005,2,13,4215500.0,6,2,3,우수고객
1006,19,17,3771300.0,3,3,3,성장고객
1007,53,3,217400.0,2,1,1,대체고객
1008,1,7,633400.0,6,1,1,성장고객
1009,333,1,1017200.0,2,1,1,대체고객
1010,26,3,279600.0,3,1,1,대체고객
1011,109,6,1781900.0,2,1,2,대체고객
1012,1,25,10496080.0,6,4,4,VIP
1013,8,8,303800.0,5,1,1,대체고객
1014,9,33,6788900.0,5,4,4,우수고객
1015,14,24,4270800.0,4,4,3,우수고객
1016,7,26,4536300.0,5,4,3,우수고객
1017,102,2,119500.0,2,1,1,대체고객
1018,5,18,122042576.0,5,3,5,우수고객
1019,1,18,4981600.0,6,3,3,우수고객
1020,5,119,37227137.0,5,5,5,VIP
1021,2,16,6838100.0,6,3,4,우수고객
1022,5,23,2594800.0,5,4,2,우수고객
1023,85,8,2297000.0,2,1,2,대체고객
1024,19,7,4364400.0,3,1,3,대체고객
1025,19,33,9568018.0,3,4,4,우수고객
1026,2,92,47152632.0,6,5,5,VIP
1027,3,12,1956900.0,6,2,2,성장고객
1028,24,13,3225200.0,3,2,2,대체고객
1029,12,18,3796200.0,4,3,3,성장고객
1030,29,15,1984900.0,3,3,2,성장고객
1031,4,117,49976084.0,6,5,5,VIP
1032,1,30,5415500.0,6,4,3,우수고객
1033,31,8,1718300.0,3,1,2,대체고객
1034,2,50,22288929.0,6,5,5,VIP
1035,8,26,38179330.0,5,4,5,VIP
1036,11,39,67116111.0,4,5,5,VIP
1037,11,21,6881000.0,4,3,4,우수고객
1038,15,46,13137581.0,4,5,5,VIP
1039,14,23,4745500.0,4,4,3,우수고객
1040,33,9,2762900.0,3,2,2,대체고객
1041,1,28,7879721.0,6,4,4,VIP
1042,42,16,9189200.0,3,3,4,성장고객
1043,3,30,6499000.0,6,4,4,VIP
1044,45,13,1461600.0,2,2,1,대체고객
1045,40,8,700900.0,3,1,1,대체고객
1046,28,15,7567112.0,3,3,4,성장고객
1047,29,22,8657100.0,3,3,4,성장고객
1049,12,41,21555200.0,4,5,5,VIP
1050,2,31,3365500.0,6,4,2,우수고객
1051,17,9,3655900.0,4,2,3,성장고객
1052,22,31,7216800.0,3,4,4,우수고객
1053,8,11,1267700.0,5,2,1,성장고객
1054,24,13,5307535.0,3,2,3,성장고객
1055,2,24,9171858.0,6,4,4,VIP
1056,4,49,11858441.0,6,5,4,VIP
1057,4,29,10030738.0,6,4,4,VIP
1058,2,11,2204800.0,6,2,2,성장고객
1059,10,13,1578700.0,5,2,1,성장고객
1060,4,35,11872801.0,6,4,4,VIP
1061,21,27,7034200.0,3,4,4,우수고객
1062,1,40,15831400.0,6,5,5,VIP
1063,12,25,6862609.0,4,4,4,우수고객
1064,14,31,10374742.0,4,4,4,우수고객
1065,19,75,17572800.0,3,5,5,우수고객
1066,32,4,346900.0,3,1,1,대체고객
1067,4,137,38193121.0,6,5,5,VIP
1068,15,35,5953900.0,4,4,3,우수고객
1069,1,176,46265699.0,6,5,5,VIP
1070,71,6,676500.0,2,1,1,대체고객
1071,5,24,7333100.0,5,4,4,우수고객
1072,54,23,3824381.0,2,4,3,성장고객
1073,2,41,23519231.0,6,5,5,VIP
1074,1,22,3800100.0,6,3,3,우수고객
1075,5,23,4970268.0,5,4,3,우수고객
1076,31,20,5325626.0,3,3,3,성장고객
1077,52,19,4140900.0,2,3,3,성장고객
1078,14,14,2928900.0,4,3,2,성장고객
1079,4,15,2380600.0,6,3,2,우수고객
1080,27,7,980600.0,3,1,1,대체고객
1081,53,11,3370600.0,2,2,2,대체고객
1082,63,4,1776921.0,2,1,2,대체고객
1083,3,19,5550800.0,6,3,3,우수고객
1084,11,3,249900.0,4,1,1,대체고객
1085,21,22,13560108.0,3,3,5,우수고객
1086,19,10,2283600.0,3,2,2,대체고객
1087,24,12,1905900.0,3,2,2,대체고객
1088,8,46,10747200.0,5,5,4,VIP
1089,3,12,2121900.0,6,2,2,성장고객
1090,126,3,751400.0,2,1,1,대체고객
1091,24,26,9489002.0,3,4,4,우수고객
1092,17,34,8051400.0,4,4,4,우수고객
1093,26,21,4193200.0,3,3,3,성장고객
1094,2,15,2308100.0,6,3,2,우수고객
1095,10,6,1184700.0,5,1,1,대체고객
1096,10,11,445000.0,5,2,1,성장고객
1097,22,18,3087300.0,3,3,2,성장고객
1098,21,8,2327900.0,3,1,2,대체고객
1099,54,10,9712382.0,2,2,4,성장고객
1100,8,45,12526318.0,5,5,5,VIP
1101,12,25,37884203.0,4,4,5,우수고객
1102,3,51,12720366.0,6,5,5,VIP
1103,1,44,8200100.0,6,5,4,VIP
1104,22,15,4450606.0,3,3,3,성장고객
1105,37,16,6213100.0,3,3,3,성장고객
1106,9,37,13074195.0,5,5,5,VIP
1107,12,33,17146000.0,4,4,5,우수고객
1108,13,43,10762261.0,4,5,4,우수고객
1109,18,16,3617100.0,4,3,3,성장고객
1110,6,22,3830081.0,5,3,3,우수고객
1111,36,22,4966100.0,3,3,3,성장고객
1112,38,11,5900600.0,3,2,3,성장고객
1113,14,11,6623800.0,4,2,4,성장고객
1114,15,13,583200.0,4,2,1,대체고객
1115,1,17,8287603.0,6,3,4,우수고객
1116,19,12,2727500.0,3,2,2,대체고객
1117,1,32,5410400.0,6,4,3,우수고객
1118,1,6,1608200.0,6,1,1,성장고객
1119,18,17,2581200.0,4,3,2,성장고객
1120,16,13,1042300.0,4,2,1,대체고객
1121,50,4,990900.0,2,1,1,대체고객
1122,81,13,5038981.0,2,2,3,대체고객
1123,13,21,5309300.0,4,3,3,성장고객
1125,4,21,65523811.0,6,3,5,VIP
1126,3,19,5727700.0,6,3,3,우수고객
1127,2,9,4607600.0,6,2,3,우수고객
1128,17,17,5717400.0,4,3,3,성장고객
1129,13,7,3331700.0,4,1,2,대체고객
1130,30,17,3159500.0,3,3,2,성장고객
1131,6,9,2177800.0,5,2,2,성장고객
1132,4,105,42129526.0,6,5,5,VIP
1133,14,32,5209221.0,4,4,3,우수고객
1134,32,24,2984000.0,3,4,2,성장고객
1135,70,10,2314600.0,2,2,2,대체고객
1136,5,14,1486300.0,5,3,1,성장고객
1137,8,23,5581500.0,5,4,3,우수고객
1138,18,20,7571600.0,4,3,4,우수고객
1139,7,20,4633700.0,5,3,3,우수고객
1140,15,21,8734968.0,4,3,4,우수고객
1141,3,22,7385100.0,6,3,4,우수고객
1142,5,17,3423500.0,5,3,3,우수고객
1143,14,21,11512900.0,4,3,4,우수고객
1144,37,12,6173000.0,3,2,3,성장고객
1145,187,5,4716700.0,2,1,3,대체고객
1146,2,81,23959650.0,6,5,5,VIP
1147,4,28,7341537.0,6,4,4,VIP
1148,1,75,22197424.0,6,5,5,VIP
1149,46,19,5668600.0,2,3,3,성장고객
1150,2,131,36268951.0,6,5,5,VIP
1151,8,14,10379600.0,5,3,4,우수고객
1152,10,41,12684592.0,5,5,5,VIP
1153,8,22,5935482.0,5,3,3,우수고객
1154,8,23,2979840.0,5,4,2,우수고객
1155,22,19,10392325.0,3,3,4,성장고객
1156,51,5,952900.0,2,1,1,대체고객
1157,3,41,19717965.0,6,5,5,VIP
1158,1,15,3371800.0,6,3,2,우수고객
1159,21,33,6628300.0,3,4,4,우수고객
1160,2,37,9573000.0,6,5,4,VIP
1161,5,50,17395525.0,5,5,5,VIP
1162,9,32,11401096.0,5,4,4,우수고객
1163,50,3,796800.0,2,1,1,대체고객
1164,11,11,23892920.0,4,2,5,우수고객
1165,7,15,1338400.0,5,3,1,성장고객
1166,49,15,1408000.0,2,3,1,대체고객
1167,2,54,13746261.0,6,5,5,VIP
1168,14,42,20588965.0,4,5,5,VIP
1169,56,9,3798203.0,2,2,3,대체고객
1170,1,165,53997833.0,6,5,5,VIP
1171,11,17,6883300.0,4,3,4,우수고객
1172,12,12,860000.0,4,2,1,대체고객
1173,14,5,634300.0,4,1,1,대체고객
1174,55,7,1543900.0,2,1,1,대체고객
1175,130,5,3436200.0,2,1,3,대체고객
1176,3,30,15941300.0,6,4,5,VIP
1177,13,32,8603787.0,4,4,4,우수고객
1178,129,9,2005900.0,2,2,2,대체고객
1179,47,15,2918660.0,2,3,2,대체고객
1180,4,40,10383000.0,6,5,4,VIP
1181,203,4,598000.0,2,1,1,대체고객
1182,12,83,38092865.0,4,5,5,VIP
1183,12,52,11167400.0,4,5,4,우수고객
1184,5,31,9933181.0,5,4,4,우수고객
1185,10,54,20603200.0,5,5,5,VIP
1186,112,4,1050900.0,2,1,1,대체고객
1187,18,15,3223500.0,4,3,2,성장고객
1188,3,53,18003700.0,6,5,5,VIP
1189,30,7,556100.0,3,1,1,대체고객
1190,1,33,9512200.0,6,4,4,VIP
1191,1,64,57462719.0,6,5,5,VIP
1192,16,31,9485247.0,4,4,4,우수고객
1193,13,11,2835100.0,4,2,2,성장고객
1194,13,21,10378653.0,4,3,4,우수고객
1195,325,1,775500.0,2,1,1,대체고객
1196,9,21,5077700.0,5,3,3,우수고객
1197,13,33,9166806.0,4,4,4,우수고객
1198,15,18,8505739.0,4,3,4,우수고객
1199,8,49,9054787.0,5,5,4,VIP
1200,15,15,2393500.0,4,3,2,성장고객
