계수,이상치,스케일,통제,n,r,p(근사)
pearson,없음,raw,없음,1200,0.1185,3.78e-05
pearson,없음,raw,카테고리내,1200,0.011,7.03e-01
pearson,없음,log1p,없음,1200,0.6611,1.85e-166
pearson,없음,log1p,카테고리내,1200,0.2845,4.46e-24
pearson,1·99클리핑,raw,없음,1200,0.5245,2.47e-90
pearson,1·99클리핑,raw,카테고리내,1200,0.1848,9.92e-11
pearson,1·99클리핑,log1p,없음,1200,0.6253,4.06e-142
pearson,1·99클리핑,log1p,카테고리내,1200,0.2558,1.42e-19
pearson,IQR제거,raw,없음,946,0.4479,1.40e-49
pearson,IQR제거,raw,카테고리내,946,0.3306,5.22e-26
pearson,IQR제거,log1p,없음,946,0.4715,1.07e-55
pearson,IQR제거,log1p,카테고리내,946,0.3193,2.97e-24
spearman,없음,raw,없음,1200,0.6477,6.96e-157
spearman,없음,raw,카테고리내,1200,0.2245,2.71e-15
spearman,없음,log1p,없음,1200,0.6477,6.96e-157
spearman,없음,log1p,카테고리내,1200,0.3519,4.58e-37
spearman,1·99클리핑,raw,없음,1200,0.6477,7.12e-157
spearman,1·99클리핑,raw,카테고리내,1200,0.3045,1.44e-27
spearman,1·99클리핑,log1p,없음,1200,0.6477,7.12e-157
spearman,1·99클리핑,log1p,카테고리내,1200,0.3397,1.96e-34
spearman,IQR제거,raw,없음,946,0.4808,2.90e-58
spearman,IQR제거,raw,카테고리내,946,0.3335,1.78e-26
spearman,IQR제거,log1p,없음,946,0.4808,2.90e-58
spearman,IQR제거,log1p,카테고리내,946,0.329,9.26e-26
kendall,없음,raw,없음,1200,0.4675,7.63e-69
kendall,없음,raw,카테고리내,1200,0.1543,7.39e-08
kendall,없음,log1p,없음,1200,0.4675,7.63e-69
kendall,없음,log1p,카테고리내,1200,0.2399,2.59e-17
kendall,1·99클리핑,raw,없음,1200,0.4675,7.46e-69
kendall,1·99클리핑,raw,카테고리내,1200,0.2087,2.33e-13
kendall,1·99클리핑,log1p,없음,1200,0.4675,7.46e-69
kendall,1·99클리핑,log1p,카테고리내,1200,0.2303,4.88e-16
kendall,IQR제거,raw,없음,946,0.3326,2.51e-26
kendall,IQR제거,raw,카테고리내,946,0.2283,9.65e-13
kendall,IQR제거,log1p,없음,946,0.3326,2.51e-26
kendall,IQR제거,log1p,카테고리내,946,0.224,2.58e-12
pb20,없음,raw,없음,1200,0.6619,4.78e-167
pb20,없음,raw,카테고리내,1200,0.1545,7.07e-08
pb20,없음,log1p,없음,1200,0.6672,5.48e-171
pb20,없음,log1p,카테고리내,1200,0.3325,5.78e-33
pb20,1·99클리핑,raw,없음,1200,0.6617,6.39e-167
pb20,1·99클리핑,raw,카테고리내,1200,0.2751,1.54e-22
pb20,1·99클리핑,log1p,없음,1200,0.6552,3.33e-162
pb20,1·99클리핑,log1p,카테고리내,1200,0.3148,1.76e-29
pb20,IQR제거,raw,없음,946,0.4728,4.75e-56
pb20,IQR제거,raw,카테고리내,946,0.3548,4.74e-30
pb20,IQR제거,log1p,없음,946,0.4792,8.06e-58
pb20,IQR제거,log1p,카테고리내,946,0.3363,6.16e-27
skipped,없음,raw,없음,859,0.5451,1.48e-71
skipped,없음,raw,카테고리내,793,0.309,2.77e-19
skipped,없음,log1p,없음,879,0.5621,5.09e-79
skipped,없음,log1p,카테고리내,931,0.3312,1.00e-25
skipped,1·99클리핑,raw,없음,859,0.5448,1.85e-71
skipped,1·99클리핑,raw,카테고리내,804,0.3391,1.62e-23
skipped,1·99클리핑,log1p,없음,875,0.5815,8.79e-86
skipped,1·99클리핑,log1p,카테고리내,921,0.3308,2.17e-25
skipped,IQR제거,raw,없음,742,0.4394,1.32e-37
skipped,IQR제거,raw,카테고리내,642,0.2928,2.47e-14
skipped,IQR제거,log1p,없음,782,0.4907,8.98e-51
skipped,IQR제거,log1p,카테고리내,738,0.313,1.63e-18
