,count,mean,std,min,median,max
product_id,1200.0,600.5,346.5544690232691,1.0,600.5,1200.0
price,1200.0,216194.0766283183,1806497.8997390254,5000.0,33100.0,57850811.44718885
rating,1143.0,4.173324584426947,0.5126220896643934,2.53,4.17,5.0
stock,1200.0,205.31916666666666,115.32525263019112,0.0,211.0,399.0
img_mean,1200.0,0.43557404322406046,0.07013003174456182,0.24792049632352942,0.42851817810457515,0.6419232536764706
img_std,1200.0,0.09783426175158624,0.022919930374170176,0.06806792360607036,0.09270348887788243,0.21922633480467763
img_saturation,1200.0,0.14781142769607844,0.07901614683334582,0.0005016850490196078,0.14028607536764703,0.5058287377450981
word_count,1200.0,7.326666666666667,2.6145079713333623,3.0,7.0,15.0
avg_word_len,1200.0,2.340144161394161,0.30344462483231727,2.0,2.3,3.6666666666666665
has_promo,1200.0,0.3233333333333333,0.4679437626749724,0.0,0.0,1.0
